----,
DateTime:        , 2022/04/21, 13:58:40, 1650560320108,
RFID_EPC:        ,--Not Acquired--,
RFID_UserData:   ,--Not Acquired--,
Barcode:         ,--Not Acquired--,
PIF:,         -111.63,
PARs:,            0.0,     0.0,     0.0,     0.0,     0.0,     0.0,
Light:,           0.0,     0.0,     0.0,     0.0,     0.0,     0.0,
Cycles:,            1,
                    1,      99,     100,     227,
Lamps:,        #01000,
Gain:,             25,       5, 
Sio:,    168.40,
Position:,        0.0,              0.0,   NoData,
DataPt,      Time(us),   EX,         EM,       Fit,
==========,==========,==========,==========,=========,
    0,        0.0,      0.000,       0.000,     78.986,
    1,        0.8,    169.363,      78.857,     79.195,
    2,        3.3,    183.576,      79.385,     79.433,
    3,        5.8,    183.789,      79.871,     79.671,
    4,        8.3,    184.037,      79.916,     79.909,
    5,       10.8,    184.179,      80.332,     80.147,
    6,       13.3,    184.108,      80.667,     80.386,
    7,       15.8,    184.533,      80.741,     80.624,
    8,       18.3,    184.604,      81.014,     80.862,
    9,       20.8,    184.427,      80.940,     81.099,
   10,       23.3,    184.533,      81.435,     81.336,
   11,       25.8,    184.533,      81.283,     81.572,
   12,       28.3,    184.391,      81.563,     81.808,
   13,       30.8,    184.498,      81.906,     82.043,
   14,       33.3,    184.498,      82.296,     82.277,
   15,       35.8,    184.639,      82.276,     82.511,
   16,       38.3,    184.746,      82.554,     82.744,
   17,       40.8,    184.887,      82.945,     82.977,
   18,       43.3,    184.710,      83.328,     83.208,
   19,       45.8,    184.710,      83.414,     83.440,
   20,       48.3,    184.781,      83.772,     83.670,
   21,       50.8,    184.923,      83.837,     83.900,
   22,       53.3,    184.887,      84.178,     84.129,
   23,       55.8,    184.817,      84.383,     84.357,
   24,       58.3,    184.887,      84.611,     84.584,
   25,       60.8,    184.994,      84.757,     84.811,
   26,       63.3,    184.923,      85.243,     85.037,
   27,       65.8,    184.958,      85.076,     85.262,
   28,       68.3,    185.029,      85.476,     85.486,
   29,       70.8,    185.136,      85.664,     85.710,
   30,       73.3,    185.065,      85.956,     85.932,
   31,       75.8,    185.100,      86.048,     86.154,
   32,       78.3,    185.136,      86.528,     86.375,
   33,       80.8,    185.100,      86.631,     86.596,
   34,       83.3,    185.100,      87.236,     86.815,
   35,       85.8,    185.100,      87.107,     87.033,
   36,       88.3,    185.136,      87.263,     87.251,
   37,       90.8,    185.029,      87.659,     87.468,
   38,       93.3,    185.065,      87.858,     87.683,
   39,       95.8,    185.136,      87.976,     87.898,
   40,       98.3,    185.206,      87.942,     88.112,
   41,      100.8,    185.171,      88.305,     88.326,
   42,      103.3,    185.136,      88.386,     88.538,
   43,      105.8,    185.206,      88.979,     88.749,
   44,      108.3,    185.171,      88.931,     88.960,
   45,      110.8,    185.100,      89.268,     89.169,
   46,      113.3,    185.348,      89.299,     89.378,
   47,      115.8,    185.313,      89.532,     89.586,
   48,      118.3,    185.171,      89.946,     89.792,
   49,      120.8,    185.136,      90.007,     89.998,
   50,      123.3,    185.242,      90.171,     90.203,
   51,      125.8,    185.206,      90.404,     90.407,
   52,      128.3,    185.242,      90.495,     90.610,
   53,      130.8,    185.100,      90.888,     90.812,
   54,      133.3,    185.277,      90.909,     91.013,
   55,      135.8,    185.313,      91.108,     91.213,
   56,      138.3,    185.171,      91.243,     91.412,
   57,      140.8,    185.277,      91.384,     91.610,
   58,      143.3,    185.242,      91.791,     91.807,
   59,      145.8,    185.348,      91.846,     92.003,
   60,      148.3,    185.348,      92.126,     92.198,
   61,      150.8,    185.384,      92.260,     92.393,
   62,      153.3,    185.242,      92.611,     92.586,
   63,      155.8,    185.206,      92.910,     92.778,
   64,      158.3,    185.242,      92.741,     92.969,
   65,      160.8,    185.277,      93.198,     93.159,
   66,      163.3,    185.136,      93.140,     93.348,
   67,      165.8,    185.242,      93.734,     93.536,
   68,      168.3,    185.136,      93.637,     93.723,
   69,      170.8,    185.348,      93.831,     93.910,
   70,      173.3,    185.277,      94.105,     94.095,
   71,      175.8,    185.490,      94.234,     94.279,
   72,      178.3,    185.242,      94.641,     94.462,
   73,      180.8,    185.277,      94.601,     94.644,
   74,      183.3,    185.242,      94.922,     94.825,
   75,      185.8,    185.277,      95.098,     95.005,
   76,      188.3,    185.348,      95.364,     95.184,
   77,      190.8,    185.206,      95.307,     95.362,
   78,      193.3,    185.242,      95.591,     95.539,
   79,      195.8,    185.277,      95.810,     95.715,
   80,      198.3,    185.313,      96.008,     95.890,
   81,      200.8,    185.313,      95.921,     96.064,
   82,      203.3,    185.277,      96.350,     96.237,
   83,      205.8,    185.419,      96.147,     96.409,
   84,      208.3,    185.277,      96.652,     96.580,
   85,      210.8,    185.277,      96.739,     96.749,
   86,      213.3,    185.419,      96.794,     96.918,
   87,      215.8,    185.171,      97.097,     97.086,
   88,      218.3,    185.419,      97.312,     97.253,
   89,      220.8,    185.419,      97.571,     97.418,
   90,      223.3,    185.455,      97.811,     97.583,
   91,      225.8,    185.561,      97.712,     97.747,
   92,      228.3,    185.384,      97.719,     97.910,
   93,      230.8,    185.490,      98.159,     98.072,
   94,      233.3,    185.348,      98.018,     98.232,
   95,      235.8,    185.455,      98.609,     98.392,
   96,      238.3,    185.277,      98.574,     98.550,
   97,      240.8,    185.419,      98.822,     98.708,
   98,      243.3,    185.525,      99.002,     98.865,
   99,      245.8,    185.384,      99.078,     99.020,
  100,      250.8,    184.320,      99.346,     99.129,
  101,      273.3,    182.335,      99.396,     98.911,
  102,      295.8,    182.012,      98.802,     98.693,
  103,      318.3,    182.052,      98.671,     98.484,
  104,      343.3,    181.525,      98.400,     98.240,
  105,      368.3,    181.635,      98.278,     98.009,
  106,      395.8,    181.564,      97.658,     97.748,
  107,      423.3,    181.423,      97.293,     97.500,
  108,      453.3,    181.316,      97.071,     97.226,
  109,      483.3,    181.176,      96.835,     96.968,
  110,      515.8,    181.035,      96.632,     96.687,
  111,      550.8,    180.958,      96.184,     96.387,
  112,      585.8,    181.203,      95.751,     96.107,
  113,      623.3,    180.958,      95.501,     95.810,
  114,      663.3,    180.855,      95.824,     95.502,
  115,      705.8,    180.572,      95.114,     95.184,
  116,      748.3,    180.465,      94.686,     94.888,
  117,      793.3,    180.500,      94.491,     94.586,
  118,      840.8,    180.466,      94.000,     94.279,
  119,      890.8,    180.396,      93.640,     93.971,
  120,      943.3,    180.360,      93.505,     93.662,
  121,      998.3,    180.396,      93.335,     93.356,
  122,     1055.8,    180.045,      92.986,     93.054,
  123,     1115.8,    180.009,      92.983,     92.757,
  124,     1178.3,    180.117,      92.549,     92.468,
  125,     1245.8,    180.189,      92.180,     92.168,
  126,     1315.8,    179.872,      91.862,     91.878,
  127,     1388.3,    179.838,      91.555,     91.601,
  128,     1465.8,    179.656,      91.536,     91.320,
  129,     1545.8,    180.012,      91.115,     91.054,
  130,     1630.8,    179.723,      91.298,     90.788,
  131,     1720.8,    179.406,      90.703,     90.525,
  132,     1815.8,    179.515,      90.490,     90.266,
  133,     1913.3,    179.623,      90.124,     90.026,
  134,     2015.8,    179.444,      89.812,     89.792,
  135,     2123.3,    179.339,      89.733,     89.565,
  136,     2238.3,    179.274,      89.678,     89.336,
  137,     2358.3,    179.095,      89.385,     89.116,
  138,     2483.3,    179.275,      88.957,     88.907,
  139,     2615.8,    179.242,      88.774,     88.699,
  140,     2753.3,    178.959,      88.647,     88.501,
  141,     2898.3,    178.996,      88.445,     88.305,
  142,     3050.8,    178.892,      88.182,     88.113,
  143,     3210.8,    178.891,      87.935,     87.924,
  144,     3378.3,    178.784,      87.577,     87.740,
  145,     3555.8,    178.781,      87.891,     87.554,
  146,     3740.8,    178.709,      87.278,     87.373,
  147,     3935.8,    178.603,      87.039,     87.191,
  148,     4140.8,    178.606,      86.652,     87.011,
  149,     4355.8,    178.534,      86.777,     86.831,
  150,     4580.8,    178.538,      86.636,     86.652,
  151,     4818.3,    178.331,      86.377,     86.471,
  152,     5068.3,    178.473,      85.760,     86.289,
  153,     5330.8,    178.221,      86.223,     86.107,
  154,     5605.8,    178.293,      85.405,     85.926,
  155,     5895.8,    178.154,      85.362,     85.742,
  156,     6200.8,    178.229,      85.265,     85.559,
  157,     6520.8,    178.057,      85.210,     85.375,
  158,     6855.8,    177.814,      85.099,     85.194,
  159,     7208.3,    177.851,      84.760,     85.012,
  160,     7578.3,    177.677,      84.779,     84.832,
  161,     7965.8,    177.894,      84.431,     84.655,
  162,     8373.3,    177.438,      84.465,     84.479,
  163,     8800.8,    177.731,      84.173,     84.306,
  164,     9250.8,    177.404,      84.019,     84.135,
  165,     9723.3,    177.369,      84.023,     83.968,
  166,    10220.8,    177.362,      83.796,     83.804,
  167,    10743.3,    177.283,      83.742,     83.645,
  168,    11290.8,    177.342,      83.643,     83.493,
  169,    11865.8,    177.239,      83.563,     83.345,
  170,    12470.8,    176.846,      83.371,     83.202,
  171,    13105.8,    176.885,      83.470,     83.066,
  172,    13773.3,    176.694,      83.136,     82.937,
  173,    14475.8,    176.833,      83.027,     82.813,
  174,    15213.3,    176.652,      82.911,     82.697,
  175,    15988.3,    176.557,      83.055,     82.588,
  176,    16800.8,    176.667,      82.550,     82.486,
  177,    17655.8,    176.412,      82.790,     82.391,
  178,    18553.3,    176.347,      82.501,     82.303,
  179,    19495.8,    176.489,      82.200,     82.222,
  180,    20485.8,    176.238,      82.221,     82.147,
  181,    21525.8,    176.171,      82.201,     82.079,
  182,    22618.3,    176.130,      82.026,     82.016,
  183,    23768.3,    175.899,      82.025,     81.959,
  184,    24975.8,    175.950,      82.177,     81.907,
  185,    26243.3,    175.816,      82.171,     81.861,
  186,    27575.8,    175.600,      82.043,     81.818,
  187,    28975.8,    175.624,      81.959,     81.779,
  188,    30445.8,    175.515,      81.730,     81.744,
  189,    31990.8,    175.624,      81.482,     81.713,
  190,    33613.3,    175.338,      81.718,     81.683,
  191,    35318.3,    175.314,      81.731,     81.656,
  192,    37108.3,    175.281,      81.630,     81.631,
  193,    38990.8,    175.104,      81.429,     81.607,
  194,    40968.3,    175.234,      81.614,     81.585,
  195,    43045.8,    175.085,      81.447,     81.563,
  196,    45228.3,    174.935,      81.530,     81.542,
  197,    47520.8,    175.157,      81.364,     81.522,
  198,    49928.3,    174.827,      81.212,     81.502,
  199,    52458.3,    174.767,      80.997,     81.482,
  200,    55115.8,    174.577,      81.225,     81.461,
  201,    57908.3,    174.787,      81.339,     81.441,
  202,    60843.3,    174.685,      81.234,     81.420,
  203,    63925.8,    174.338,      81.356,     81.398,
  204,    67163.3,    174.483,      81.188,     81.377,
  205,    70565.8,    174.331,      81.284,     81.354,
  206,    74140.8,    174.122,      81.133,     81.330,
  207,    77895.8,    174.167,      81.258,     81.306,
  208,    81840.8,    174.067,      81.291,     81.281,
  209,    85985.8,    173.932,      81.125,     81.255,
  210,    90340.8,    173.689,      81.101,     81.228,
  211,    94915.8,    173.921,      81.173,     81.200,
  212,    99723.3,    173.793,      80.846,     81.171,
  213,   104773.3,    173.604,      81.064,     81.140,
  214,   110078.3,    173.524,      81.151,     81.109,
  215,   115653.3,    173.538,      80.977,     81.076,
  216,   121508.3,    173.513,      81.019,     81.042,
  217,   127660.8,    173.209,      81.327,     81.007,
  218,   134125.8,    173.344,      80.827,     80.971,
  219,   140915.8,    173.122,      80.972,     80.933,
  220,   148050.8,    173.270,      80.830,     80.894,
  221,   155545.8,    172.850,      80.750,     80.854,
  222,   163420.8,    172.881,      80.783,     80.812,
  223,   171695.8,    173.046,      81.000,     80.770,
  224,   180388.3,    172.822,      80.753,     80.726,
  225,   189520.8,    172.655,      80.825,     80.682,
  226,   199115.8,    172.760,      80.624,     80.636,
  227,   209195.8,    172.665,      81.275,     80.589,
----,
DateTime:        , 2022/04/21, 13:58:42, 1650560322139,
RFID_EPC:        ,--Not Acquired--,
RFID_UserData:   ,--Not Acquired--,
Barcode:         ,--Not Acquired--,
PIF:,         -111.60,
PARs:,            0.0,     0.0,     0.0,     0.0,     0.0,     0.0,
Light:,           0.0,     0.0,     0.0,     0.0,     0.0,     0.0,
Cycles:,            1,
                    1,      99,     100,     227,
Lamps:,        #01000,
Gain:,             25,       5, 
Sio:,    118.60,
Position:,        0.0,              0.0,   NoData,
DataPt,      Time(us),   EX,         EM,       Fit,
==========,==========,==========,==========,=========,
    0,        0.0,      0.000,       0.000,     81.457,
    1,        0.8,    169.828,      81.201,     81.603,
    2,        3.3,    183.857,      81.917,     81.820,
    3,        5.8,    183.998,      82.578,     82.042,
    4,        8.3,    184.105,      82.726,     82.268,
    5,       10.8,    184.246,      82.684,     82.497,
    6,       13.3,    184.388,      82.946,     82.729,
    7,       15.8,    184.459,      83.174,     82.963,
    8,       18.3,    184.601,      83.306,     83.200,
    9,       20.8,    184.601,      83.371,     83.438,
   10,       23.3,    184.459,      83.760,     83.677,
   11,       25.8,    184.530,      84.009,     83.917,
   12,       28.3,    184.636,      84.113,     84.158,
   13,       30.8,    184.671,      84.703,     84.400,
   14,       33.3,    184.565,      84.557,     84.641,
   15,       35.8,    184.813,      84.833,     84.883,
   16,       38.3,    184.919,      85.065,     85.124,
   17,       40.8,    184.849,      85.466,     85.366,
   18,       43.3,    184.778,      85.737,     85.606,
   19,       45.8,    184.636,      85.954,     85.846,
   20,       48.3,    184.813,      86.261,     86.085,
   21,       50.8,    184.884,      86.120,     86.324,
   22,       53.3,    184.919,      86.471,     86.561,
   23,       55.8,    184.955,      86.455,     86.798,
   24,       58.3,    184.955,      87.125,     87.033,
   25,       60.8,    184.990,      87.260,     87.267,
   26,       63.3,    185.061,      87.594,     87.501,
   27,       65.8,    185.061,      87.745,     87.732,
   28,       68.3,    185.061,      87.918,     87.963,
   29,       70.8,    185.061,      87.940,     88.192,
   30,       73.3,    184.990,      88.363,     88.419,
   31,       75.8,    184.955,      88.509,     88.646,
   32,       78.3,    184.884,      88.781,     88.870,
   33,       80.8,    185.026,      88.951,     89.093,
   34,       83.3,    185.097,      89.220,     89.315,
   35,       85.8,    185.026,      89.513,     89.535,
   36,       88.3,    184.955,      89.591,     89.753,
   37,       90.8,    184.990,      89.984,     89.970,
   38,       93.3,    184.955,      90.023,     90.186,
   39,       95.8,    185.132,      90.412,     90.399,
   40,       98.3,    185.097,      90.646,     90.612,
   41,      100.8,    185.203,      90.702,     90.822,
   42,      103.3,    185.097,      90.884,     91.031,
   43,      105.8,    185.097,      91.467,     91.239,
   44,      108.3,    185.026,      91.416,     91.444,
   45,      110.8,    185.061,      91.614,     91.648,
   46,      113.3,    185.061,      91.658,     91.851,
   47,      115.8,    185.132,      92.011,     92.052,
   48,      118.3,    185.167,      92.275,     92.251,
   49,      120.8,    185.167,      92.318,     92.449,
   50,      123.3,    185.238,      92.693,     92.645,
   51,      125.8,    185.274,      92.740,     92.840,
   52,      128.3,    185.345,      92.877,     93.033,
   53,      130.8,    185.203,      93.099,     93.224,
   54,      133.3,    185.380,      93.463,     93.414,
   55,      135.8,    185.345,      93.546,     93.602,
   56,      138.3,    185.274,      93.625,     93.789,
   57,      140.8,    185.238,      93.988,     93.974,
   58,      143.3,    185.167,      94.240,     94.158,
   59,      145.8,    185.345,      94.431,     94.340,
   60,      148.3,    185.345,      94.366,     94.521,
   61,      150.8,    185.238,      94.874,     94.700,
   62,      153.3,    185.486,      94.704,     94.877,
   63,      155.8,    185.238,      95.392,     95.053,
   64,      158.3,    185.309,      95.140,     95.228,
   65,      160.8,    185.451,      95.304,     95.401,
   66,      163.3,    185.486,      95.502,     95.573,
   67,      165.8,    185.309,      95.895,     95.743,
   68,      168.3,    185.345,      95.942,     95.911,
   69,      170.8,    185.309,      95.981,     96.078,
   70,      173.3,    185.203,      96.296,     96.244,
   71,      175.8,    185.238,      96.407,     96.408,
   72,      178.3,    185.203,      96.555,     96.571,
   73,      180.8,    185.415,      96.336,     96.733,
   74,      183.3,    185.274,      96.971,     96.893,
   75,      185.8,    185.309,      96.974,     97.051,
   76,      188.3,    185.345,      97.409,     97.209,
   77,      190.8,    185.522,      97.273,     97.365,
   78,      193.3,    185.415,      97.717,     97.519,
   79,      195.8,    185.274,      97.662,     97.673,
   80,      198.3,    185.451,      98.130,     97.824,
   81,      200.8,    185.274,      98.267,     97.975,
   82,      203.3,    185.345,      98.164,     98.124,
   83,      205.8,    185.309,      98.032,     98.272,
   84,      208.3,    185.380,      98.599,     98.419,
   85,      210.8,    185.451,      98.647,     98.564,
   86,      213.3,    185.415,      98.688,     98.708,
   87,      215.8,    185.415,      98.817,     98.851,
   88,      218.3,    185.628,      98.963,     98.993,
   89,      220.8,    185.415,      99.357,     99.133,
   90,      223.3,    185.522,      98.976,     99.272,
   91,      225.8,    185.451,      99.338,     99.410,
   92,      228.3,    185.557,      99.453,     99.547,
   93,      230.8,    185.628,     100.148,     99.682,
   94,      233.3,    185.380,     100.066,     99.816,
   95,      235.8,    185.593,      99.930,     99.950,
   96,      238.3,    185.522,     100.205,    100.081,
   97,      240.8,    185.593,     100.275,    100.212,
   98,      243.3,    185.628,     100.622,    100.342,
   99,      245.8,    185.309,     100.407,    100.470,
  100,      250.8,    184.459,     100.891,    100.606,
  101,      273.3,    182.263,     100.636,    100.619,
  102,      295.8,    181.976,     100.712,    100.439,
  103,      318.3,    182.012,     100.231,    100.190,
  104,      343.3,    181.480,      99.909,     99.879,
  105,      368.3,    181.627,      99.548,     99.569,
  106,      395.8,    181.491,      99.033,     99.229,
  107,      423.3,    181.490,      98.728,     98.907,
  108,      453.3,    181.280,      98.541,     98.563,
  109,      483.3,    181.177,      98.201,     98.241,
  110,      515.8,    181.068,      97.818,     97.903,
  111,      550.8,    180.857,      97.445,     97.552,
  112,      585.8,    180.863,      97.031,     97.225,
  113,      623.3,    180.934,      96.887,     96.890,
  114,      663.3,    180.793,      96.417,     96.549,
  115,      705.8,    180.582,      96.133,     96.204,
  116,      748.3,    180.690,      95.703,     95.887,
  117,      793.3,    180.511,      95.775,     95.569,
  118,      840.8,    180.441,      95.241,     95.252,
  119,      890.8,    180.299,      94.901,     94.937,
  120,      943.3,    180.192,      95.026,     94.625,
  121,      998.3,    180.372,      94.153,     94.320,
  122,     1055.8,    180.271,      94.232,     94.021,
  123,     1115.8,    180.026,      93.740,     93.729,
  124,     1178.3,    180.174,      93.556,     93.445,
  125,     1245.8,    180.071,      93.302,     93.151,
  126,     1315.8,    179.927,      93.226,     92.867,
  127,     1388.3,    179.788,      92.545,     92.594,
  128,     1465.8,    179.755,      92.251,     92.316,
  129,     1545.8,    179.826,      91.678,     92.049,
  130,     1630.8,    179.614,      91.812,     91.780,
  131,     1720.8,    179.439,      91.617,     91.510,
  132,     1815.8,    179.507,      91.052,     91.240,
  133,     1913.3,    179.682,      91.142,     90.985,
  134,     2015.8,    179.399,      90.815,     90.731,
  135,     2123.3,    179.437,      90.545,     90.479,
  136,     2238.3,    179.333,      90.039,     90.221,
  137,     2358.3,    179.083,      90.185,     89.967,
  138,     2483.3,    179.259,      89.650,     89.720,
  139,     2615.8,    179.155,      89.359,     89.470,
  140,     2753.3,    178.875,      89.356,     89.228,
  141,     2898.3,    179.088,      88.603,     88.986,
  142,     3050.8,    178.878,      88.882,     88.746,
  143,     3210.8,    178.915,      88.462,     88.510,
  144,     3378.3,    178.880,      88.208,     88.278,
  145,     3555.8,    178.845,      87.976,     88.045,
  146,     3740.8,    178.631,      87.847,     87.820,
  147,     3935.8,    178.667,      87.601,     87.597,
  148,     4140.8,    178.488,      87.282,     87.379,
  149,     4355.8,    178.452,      87.071,     87.167,
  150,     4580.8,    178.600,      86.956,     86.961,
  151,     4818.3,    178.567,      86.812,     86.759,
  152,     5068.3,    178.212,      86.522,     86.561,
  153,     5330.8,    178.219,      86.335,     86.370,
  154,     5605.8,    178.225,      85.974,     86.186,
  155,     5895.8,    178.155,      86.257,     86.006,
  156,     6200.8,    178.226,      85.875,     85.833,
  157,     6520.8,    177.800,      85.706,     85.665,
  158,     6855.8,    177.977,      85.798,     85.505,
  159,     7208.3,    177.873,      85.368,     85.350,
  160,     7578.3,    177.907,      85.243,     85.200,
  161,     7965.8,    177.621,      85.086,     85.057,
  162,     8373.3,    177.762,      85.059,     84.917,
  163,     8800.8,    177.481,      84.761,     84.782,
  164,     9250.8,    177.552,      84.752,     84.650,
  165,     9723.3,    177.263,      84.538,     84.521,
  166,    10220.8,    177.230,      84.374,     84.396,
  167,    10743.3,    177.188,      84.398,     84.274,
  168,    11290.8,    177.048,      84.000,     84.155,
  169,    11865.8,    176.984,      84.059,     84.039,
  170,    12470.8,    177.035,      83.672,     83.925,
  171,    13105.8,    176.965,      83.766,     83.813,
  172,    13773.3,    176.783,      83.754,     83.703,
  173,    14475.8,    176.783,      83.688,     83.595,
  174,    15213.3,    176.502,      83.379,     83.489,
  175,    15988.3,    176.491,      83.487,     83.386,
  176,    16800.8,    176.342,      83.100,     83.285,
  177,    17655.8,    176.206,      83.176,     83.186,
  178,    18553.3,    176.442,      82.935,     83.090,
  179,    19495.8,    176.396,      82.850,     82.997,
  180,    20485.8,    176.331,      82.920,     82.907,
  181,    21525.8,    176.046,      82.961,     82.819,
  182,    22618.3,    175.902,      82.768,     82.735,
  183,    23768.3,    175.910,      82.673,     82.654,
  184,    24975.8,    175.875,      82.250,     82.576,
  185,    26243.3,    175.888,      82.421,     82.503,
  186,    27575.8,    175.805,      82.417,     82.433,
  187,    28975.8,    175.682,      82.280,     82.366,
  188,    30445.8,    175.603,      82.142,     82.304,
  189,    31990.8,    175.506,      82.147,     82.245,
  190,    33613.3,    175.210,      82.481,     82.191,
  191,    35318.3,    175.210,      82.286,     82.140,
  192,    37108.3,    175.243,      82.263,     82.093,
  193,    38990.8,    175.131,      82.308,     82.050,
  194,    40968.3,    175.064,      82.055,     82.010,
  195,    43045.8,    174.875,      82.221,     81.974,
  196,    45228.3,    174.819,      81.993,     81.940,
  197,    47520.8,    174.970,      81.735,     81.911,
  198,    49928.3,    174.818,      81.962,     81.883,
  199,    52458.3,    174.716,      82.040,     81.859,
  200,    55115.8,    174.583,      81.864,     81.837,
  201,    57908.3,    174.687,      81.885,     81.817,
  202,    60843.3,    174.250,      81.960,     81.798,
  203,    63925.8,    174.390,      81.944,     81.782,
  204,    67163.3,    174.423,      81.641,     81.768,
  205,    70565.8,    174.156,      81.994,     81.754,
  206,    74140.8,    174.245,      81.977,     81.742,
  207,    77895.8,    174.036,      81.710,     81.731,
  208,    81840.8,    174.029,      81.814,     81.722,
  209,    85985.8,    173.803,      81.834,     81.712,
  210,    90340.8,    173.859,      81.847,     81.704,
  211,    94915.8,    173.814,      81.722,     81.697,
  212,    99723.3,    173.513,      81.853,     81.690,
  213,   104773.3,    173.705,      81.836,     81.684,
  214,   110078.3,    173.553,      81.876,     81.678,
  215,   115653.3,    173.587,      81.424,     81.672,
  216,   121508.3,    173.336,      81.354,     81.667,
  217,   127660.8,    173.447,      81.423,     81.663,
  218,   134125.8,    173.186,      81.546,     81.658,
  219,   140915.8,    173.094,      81.685,     81.654,
  220,   148050.8,    173.150,      81.422,     81.650,
  221,   155545.8,    172.928,      81.568,     81.647,
  222,   163420.8,    173.028,      81.466,     81.644,
  223,   171695.8,    172.793,      81.526,     81.641,
  224,   180388.3,    173.024,      81.255,     81.638,
  225,   189520.8,    172.726,      81.539,     81.635,
  226,   199115.8,    172.581,      81.222,     81.633,
  227,   209195.8,    172.526,      81.334,     81.631,
----,
DateTime:        , 2022/04/21, 14:01:43, 1650560503137,
RFID_EPC:        ,--Not Acquired--,
RFID_UserData:   ,--Not Acquired--,
Barcode:         ,--Not Acquired--,
PIF:,         -107.45,
PARs:,            0.0,     0.0,     0.0,     0.0,     0.0,     0.0,
Light:,           0.0,    40.0,     0.0,     0.0,     0.0,     0.0,
Cycles:,            1,
                    1,      99,     100,     227,
Lamps:,        #01000,
Gain:,             25,       5, 
Sio:,    177.06,
Position:,        0.0,              0.0,   NoData,
DataPt,      Time(us),   EX,         EM,       Fit,
==========,==========,==========,==========,=========,
    0,        0.0,      0.000,       0.000,     89.083,
    1,        0.8,    179.570,      89.434,     89.258,
    2,        3.3,    180.053,      89.328,     89.304,
    3,        5.8,    180.088,      89.222,     89.378,
    4,        8.3,    180.191,      89.237,     89.477,
    5,       10.8,    180.433,      89.339,     89.598,
    6,       13.3,    180.571,      89.559,     89.738,
    7,       15.8,    180.605,      89.918,     89.896,
    8,       18.3,    180.640,      90.145,     90.070,
    9,       20.8,    180.743,      90.226,     90.256,
   10,       23.3,    180.778,      90.319,     90.454,
   11,       25.8,    180.847,      90.440,     90.663,
   12,       28.3,    180.847,      90.838,     90.880,
   13,       30.8,    180.847,      91.147,     91.105,
   14,       33.3,    180.847,      91.302,     91.337,
   15,       35.8,    180.916,      91.400,     91.575,
   16,       38.3,    180.916,      92.174,     91.818,
   17,       40.8,    181.157,      91.918,     92.066,
   18,       43.3,    181.054,      92.700,     92.317,
   19,       45.8,    180.950,      92.864,     92.572,
   20,       48.3,    181.019,      92.872,     92.829,
   21,       50.8,    180.950,      93.173,     93.089,
   22,       53.3,    181.192,      93.601,     93.351,
   23,       55.8,    181.088,      93.588,     93.614,
   24,       58.3,    181.088,      93.699,     93.878,
   25,       60.8,    181.261,      94.095,     94.144,
   26,       63.3,    181.261,      94.271,     94.410,
   27,       65.8,    181.192,      94.705,     94.677,
   28,       68.3,    181.157,      95.010,     94.944,
   29,       70.8,    181.226,      95.238,     95.212,
   30,       73.3,    181.226,      95.812,     95.479,
   31,       75.8,    181.295,      95.864,     95.747,
   32,       78.3,    181.295,      96.173,     96.014,
   33,       80.8,    181.261,      96.456,     96.281,
   34,       83.3,    181.261,      96.721,     96.547,
   35,       85.8,    181.364,      96.974,     96.813,
   36,       88.3,    181.295,      97.232,     97.079,
   37,       90.8,    181.261,      97.383,     97.343,
   38,       93.3,    181.399,      97.331,     97.607,
   39,       95.8,    181.295,      97.960,     97.870,
   40,       98.3,    181.468,      98.065,     98.133,
   41,      100.8,    181.157,      98.167,     98.394,
   42,      103.3,    181.364,      98.849,     98.655,
   43,      105.8,    181.330,      99.000,     98.915,
   44,      108.3,    181.468,      99.212,     99.173,
   45,      110.8,    181.502,      99.479,     99.431,
   46,      113.3,    181.330,      99.662,     99.688,
   47,      115.8,    181.330,      99.905,     99.943,
   48,      118.3,    181.537,     100.011,    100.198,
   49,      120.8,    181.399,     100.484,    100.451,
   50,      123.3,    181.364,     100.658,    100.704,
   51,      125.8,    181.399,     100.793,    100.955,
   52,      128.3,    181.502,     101.022,    101.205,
   53,      130.8,    181.571,     101.468,    101.454,
   54,      133.3,    181.537,     101.531,    101.702,
   55,      135.8,    181.502,     102.036,    101.949,
   56,      138.3,    181.537,     102.192,    102.194,
   57,      140.8,    181.364,     102.731,    102.438,
   58,      143.3,    181.468,     102.716,    102.681,
   59,      145.8,    181.606,     103.101,    102.923,
   60,      148.3,    181.537,     103.030,    103.164,
   61,      150.8,    181.606,     103.101,    103.403,
   62,      153.3,    181.641,     103.654,    103.641,
   63,      155.8,    181.433,     104.015,    103.878,
   64,      158.3,    181.433,     103.992,    104.114,
   65,      160.8,    181.606,     104.422,    104.348,
   66,      163.3,    181.744,     104.453,    104.582,
   67,      165.8,    181.675,     104.889,    104.814,
   68,      168.3,    181.675,     105.021,    105.045,
   69,      170.8,    181.641,     105.349,    105.274,
   70,      173.3,    181.606,     105.700,    105.502,
   71,      175.8,    181.571,     105.764,    105.729,
   72,      178.3,    181.606,     106.008,    105.955,
   73,      180.8,    181.744,     106.280,    106.180,
   74,      183.3,    181.710,     106.410,    106.403,
   75,      185.8,    181.606,     106.735,    106.625,
   76,      188.3,    181.641,     106.891,    106.846,
   77,      190.8,    181.606,     107.109,    107.065,
   78,      193.3,    181.606,     107.264,    107.283,
   79,      195.8,    181.710,     107.357,    107.500,
   80,      198.3,    181.675,     107.619,    107.716,
   81,      200.8,    181.813,     107.999,    107.930,
   82,      203.3,    181.710,     108.303,    108.144,
   83,      205.8,    181.606,     108.651,    108.356,
   84,      208.3,    181.606,     108.805,    108.566,
   85,      210.8,    181.710,     109.140,    108.776,
   86,      213.3,    181.571,     109.157,    108.984,
   87,      215.8,    181.606,     109.378,    109.190,
   88,      218.3,    181.641,     109.754,    109.396,
   89,      220.8,    181.675,     109.447,    109.600,
   90,      223.3,    181.641,     109.886,    109.803,
   91,      225.8,    181.710,     110.196,    110.005,
   92,      228.3,    181.675,     110.680,    110.206,
   93,      230.8,    181.502,     110.675,    110.405,
   94,      233.3,    181.606,     110.876,    110.603,
   95,      235.8,    181.468,     111.269,    110.800,
   96,      238.3,    181.537,     111.248,    110.995,
   97,      240.8,    181.537,     111.645,    111.189,
   98,      243.3,    181.537,     111.667,    111.382,
   99,      245.8,    181.813,     111.718,    111.574,
  100,      250.8,    181.364,     112.457,    111.875,
  101,      273.3,    180.847,     112.469,    112.154,
  102,      295.8,    180.813,     111.475,    111.698,
  103,      318.3,    180.639,     110.829,    111.041,
  104,      343.3,    180.647,     110.447,    110.267,
  105,      368.3,    180.549,     109.570,    109.523,
  106,      395.8,    180.588,     108.780,    108.750,
  107,      423.3,    180.554,     107.913,    108.040,
  108,      453.3,    180.485,     107.372,    107.320,
  109,      483.3,    180.479,     106.541,    106.665,
  110,      515.8,    180.238,     106.417,    106.008,
  111,      550.8,    180.100,     105.410,    105.353,
  112,      585.8,    180.203,     104.767,    104.761,
  113,      623.3,    180.235,     104.333,    104.180,
  114,      663.3,    180.339,     103.563,    103.609,
  115,      705.8,    180.305,     103.132,    103.054,
  116,      748.3,    180.242,     102.394,    102.558,
  117,      793.3,    180.032,     102.311,    102.080,
  118,      840.8,    180.134,     101.369,    101.617,
  119,      890.8,    179.964,     101.152,    101.171,
  120,      943.3,    180.103,     100.918,    100.744,
  121,      998.3,    180.172,     100.680,    100.335,
  122,     1055.8,    180.276,      99.863,     99.945,
  123,     1115.8,    179.932,      99.481,     99.574,
  124,     1178.3,    180.039,      99.181,     99.219,
  125,     1245.8,    180.176,      98.840,     98.859,
  126,     1315.8,    180.205,      98.356,     98.517,
  127,     1388.3,    180.133,      98.574,     98.193,
  128,     1465.8,    180.099,      97.931,     97.866,
  129,     1545.8,    180.135,      97.805,     97.558,
  130,     1630.8,    180.206,      97.149,     97.248,
  131,     1720.8,    180.069,      96.975,     96.941,
  132,     1815.8,    180.033,      96.835,     96.637,
  133,     1913.3,    180.306,      96.353,     96.352,
  134,     2015.8,    180.134,      95.756,     96.071,
  135,     2123.3,    180.137,      95.847,     95.795,
  136,     2238.3,    180.136,      95.405,     95.513,
  137,     2358.3,    180.168,      94.988,     95.242,
  138,     2483.3,    180.236,      95.000,     94.980,
  139,     2615.8,    180.303,      94.813,     94.719,
  140,     2753.3,    180.128,      94.596,     94.471,
  141,     2898.3,    180.163,      94.134,     94.226,
  142,     3050.8,    179.990,      94.093,     93.988,
  143,     3210.8,    180.198,      93.451,     93.757,
  144,     3378.3,    180.258,      93.395,     93.535,
  145,     3555.8,    180.323,      93.544,     93.317,
  146,     3740.8,    180.006,      92.843,     93.111,
  147,     3935.8,    180.281,      93.001,     92.912,
  148,     4140.8,    180.212,      93.156,     92.721,
  149,     4355.8,    180.216,      92.326,     92.539,
  150,     4580.8,    180.147,      92.535,     92.368,
  151,     4818.3,    180.287,      92.329,     92.203,
  152,     5068.3,    180.287,      92.132,     92.046,
  153,     5330.8,    180.257,      92.031,     91.898,
  154,     5605.8,    180.291,      91.768,     91.758,
  155,     5895.8,    180.388,      91.474,     91.625,
  156,     6200.8,    180.341,      91.290,     91.500,
  157,     6520.8,    180.200,      91.319,     91.381,
  158,     6855.8,    180.062,      91.369,     91.271,
  159,     7208.3,    180.197,      91.243,     91.165,
  160,     7578.3,    180.337,      91.136,     91.065,
  161,     7965.8,    180.206,      90.979,     90.972,
  162,     8373.3,    180.182,      90.904,     90.882,
  163,     8800.8,    180.215,      90.795,     90.796,
  164,     9250.8,    180.079,      90.644,     90.714,
  165,     9723.3,    180.246,      90.517,     90.635,
  166,    10220.8,    180.314,      90.531,     90.559,
  167,    10743.3,    180.183,      90.540,     90.487,
  168,    11290.8,    180.188,      90.316,     90.417,
  169,    11865.8,    180.217,      90.270,     90.350,
  170,    12470.8,    180.190,      90.336,     90.285,
  171,    13105.8,    180.159,      90.289,     90.222,
  172,    13773.3,    180.099,      90.075,     90.161,
  173,    14475.8,    180.159,      90.039,     90.103,
  174,    15213.3,    180.148,      89.927,     90.047,
  175,    15988.3,    180.050,      90.223,     89.993,
  176,    16800.8,    180.142,      89.963,     89.941,
  177,    17655.8,    180.034,      89.948,     89.892,
  178,    18553.3,    180.340,      89.705,     89.845,
  179,    19495.8,    180.089,      89.551,     89.800,
  180,    20485.8,    180.166,      89.664,     89.758,
  181,    21525.8,    180.082,      89.808,     89.718,
  182,    22618.3,    180.046,      89.990,     89.681,
  183,    23768.3,    180.145,      89.801,     89.645,
  184,    24975.8,    179.968,      89.410,     89.612,
  185,    26243.3,    180.227,      89.516,     89.582,
  186,    27575.8,    180.083,      89.665,     89.553,
  187,    28975.8,    180.051,      89.577,     89.527,
  188,    30445.8,    179.941,      89.636,     89.503,
  189,    31990.8,    180.023,      89.570,     89.481,
  190,    33613.3,    180.021,      89.545,     89.461,
  191,    35318.3,    180.175,      89.761,     89.443,
  192,    37108.3,    179.937,      89.369,     89.426,
  193,    38990.8,    180.128,      89.354,     89.411,
  194,    40968.3,    180.048,      89.392,     89.397,
  195,    43045.8,    180.005,      89.189,     89.385,
  196,    45228.3,    180.036,      89.104,     89.374,
  197,    47520.8,    180.002,      89.464,     89.363,
  198,    49928.3,    180.103,      89.391,     89.354,
  199,    52458.3,    180.206,      89.230,     89.346,
  200,    55115.8,    180.066,      89.144,     89.339,
  201,    57908.3,    180.032,      89.501,     89.332,
  202,    60843.3,    180.024,      89.313,     89.326,
  203,    63925.8,    179.882,      89.401,     89.320,
  204,    67163.3,    180.256,      88.832,     89.315,
  205,    70565.8,    180.039,      89.235,     89.310,
  206,    74140.8,    179.755,      89.209,     89.306,
  207,    77895.8,    180.015,      89.218,     89.302,
  208,    81840.8,    179.954,      89.497,     89.298,
  209,    85985.8,    180.045,      89.356,     89.295,
  210,    90340.8,    179.929,      89.083,     89.292,
  211,    94915.8,    180.217,      89.208,     89.289,
  212,    99723.3,    179.735,      89.310,     89.287,
  213,   104773.3,    179.933,      89.459,     89.284,
  214,   110078.3,    180.101,      89.271,     89.282,
  215,   115653.3,    180.002,      89.329,     89.280,
  216,   121508.3,    179.965,      89.306,     89.278,
  217,   127660.8,    179.998,      89.415,     89.277,
  218,   134125.8,    180.010,      89.298,     89.275,
  219,   140915.8,    179.886,      89.446,     89.274,
  220,   148050.8,    180.140,      89.219,     89.273,
  221,   155545.8,    179.783,      89.467,     89.271,
  222,   163420.8,    179.813,      89.374,     89.270,
  223,   171695.8,    179.868,      89.392,     89.269,
  224,   180388.3,    179.812,      89.282,     89.268,
  225,   189520.8,    179.831,      89.520,     89.267,
  226,   199115.8,    179.689,      89.507,     89.267,
  227,   209195.8,    179.867,      89.457,     89.266,
----,
DateTime:        , 2022/04/21, 14:01:45, 1650560505106,
RFID_EPC:        ,--Not Acquired--,
RFID_UserData:   ,--Not Acquired--,
Barcode:         ,--Not Acquired--,
PIF:,         -111.26,
PARs:,            0.0,     0.0,     0.0,     0.0,     0.0,     0.0,
Light:,           0.0,     0.0,     0.0,     0.0,     0.0,     0.0,
Cycles:,            1,
                    1,      99,     100,     227,
Lamps:,        #01000,
Gain:,             25,       5, 
Sio:,    206.60,
Position:,        0.0,              0.0,   NoData,
DataPt,      Time(us),   EX,         EM,       Fit,
==========,==========,==========,==========,=========,
    0,        0.0,      0.000,       0.000,     81.536,
    1,        0.8,    169.716,      81.728,     82.174,
    2,        3.3,    183.668,      82.300,     82.444,
    3,        5.8,    183.881,      82.828,     82.725,
    4,        8.3,    184.022,      82.938,     83.015,
    5,       10.8,    184.306,      83.310,     83.313,
    6,       13.3,    184.270,      83.717,     83.618,
    7,       15.8,    184.235,      83.863,     83.929,
    8,       18.3,    184.341,      84.227,     84.245,
    9,       20.8,    184.483,      84.639,     84.566,
   10,       23.3,    184.412,      84.932,     84.890,
   11,       25.8,    184.341,      85.182,     85.216,
   12,       28.3,    184.518,      85.685,     85.546,
   13,       30.8,    184.589,      85.804,     85.877,
   14,       33.3,    184.624,      86.633,     86.211,
   15,       35.8,    184.624,      86.611,     86.545,
   16,       38.3,    184.624,      86.806,     86.880,
   17,       40.8,    184.695,      87.249,     87.217,
   18,       43.3,    184.695,      87.596,     87.553,
   19,       45.8,    184.731,      87.730,     87.890,
   20,       48.3,    184.837,      88.026,     88.227,
   21,       50.8,    184.872,      88.485,     88.563,
   22,       53.3,    184.837,      88.697,     88.899,
   23,       55.8,    184.766,      89.424,     89.235,
   24,       58.3,    184.837,      89.671,     89.570,
   25,       60.8,    184.660,      90.169,     89.904,
   26,       63.3,    184.766,      90.225,     90.238,
   27,       65.8,    184.802,      90.749,     90.570,
   28,       68.3,    184.837,      90.904,     90.902,
   29,       70.8,    184.766,      91.351,     91.232,
   30,       73.3,    184.908,      91.519,     91.562,
   31,       75.8,    185.014,      91.726,     91.890,
   32,       78.3,    184.872,      92.358,     92.217,
   33,       80.8,    185.014,      92.525,     92.543,
   34,       83.3,    185.120,      92.948,     92.868,
   35,       85.8,    185.014,      93.088,     93.192,
   36,       88.3,    185.014,      93.477,     93.514,
   37,       90.8,    185.156,      93.535,     93.834,
   38,       93.3,    185.014,      94.320,     94.153,
   39,       95.8,    184.802,      94.645,     94.471,
   40,       98.3,    185.085,      94.932,     94.787,
   41,      100.8,    185.120,      95.087,     95.102,
   42,      103.3,    185.262,      95.424,     95.415,
   43,      105.8,    185.262,      95.360,     95.727,
   44,      108.3,    185.156,      96.041,     96.038,
   45,      110.8,    185.120,      96.232,     96.346,
   46,      113.3,    185.085,      96.834,     96.653,
   47,      115.8,    185.014,      97.195,     96.959,
   48,      118.3,    185.085,      97.158,     97.262,
   49,      120.8,    185.085,      97.590,     97.565,
   50,      123.3,    185.085,      97.698,     97.865,
   51,      125.8,    185.120,      97.874,     98.164,
   52,      128.3,    185.191,      98.269,     98.462,
   53,      130.8,    185.262,      98.771,     98.757,
   54,      133.3,    185.262,      98.879,     99.052,
   55,      135.8,    185.297,      99.357,     99.344,
   56,      138.3,    185.297,      99.767,     99.635,
   57,      140.8,    185.226,     100.021,     99.925,
   58,      143.3,    185.262,     100.088,    100.212,
   59,      145.8,    185.333,     100.374,    100.498,
   60,      148.3,    185.226,     100.798,    100.782,
   61,      150.8,    185.474,     100.815,    101.065,
   62,      153.3,    185.297,     101.451,    101.346,
   63,      155.8,    185.226,     101.489,    101.625,
   64,      158.3,    185.439,     101.955,    101.903,
   65,      160.8,    185.474,     101.742,    102.179,
   66,      163.3,    185.439,     102.301,    102.454,
   67,      165.8,    185.404,     102.838,    102.726,
   68,      168.3,    185.581,     103.214,    102.997,
   69,      170.8,    185.404,     103.313,    103.267,
   70,      173.3,    185.474,     103.597,    103.534,
   71,      175.8,    185.191,     103.841,    103.800,
   72,      178.3,    185.474,     104.049,    104.064,
   73,      180.8,    185.297,     104.386,    104.326,
   74,      183.3,    185.545,     104.462,    104.587,
   75,      185.8,    185.510,     104.569,    104.846,
   76,      188.3,    185.474,     105.020,    105.104,
   77,      190.8,    185.510,     105.345,    105.360,
   78,      193.3,    185.616,     105.479,    105.614,
   79,      195.8,    185.439,     106.075,    105.866,
   80,      198.3,    185.616,     106.233,    106.117,
   81,      200.8,    185.404,     106.635,    106.366,
   82,      203.3,    185.687,     106.903,    106.614,
   83,      205.8,    185.758,     107.056,    106.860,
   84,      208.3,    185.439,     107.219,    107.104,
   85,      210.8,    185.510,     107.329,    107.346,
   86,      213.3,    185.545,     107.782,    107.587,
   87,      215.8,    185.474,     107.931,    107.826,
   88,      218.3,    185.581,     108.064,    108.063,
   89,      220.8,    185.404,     108.447,    108.299,
   90,      223.3,    185.474,     108.837,    108.533,
   91,      225.8,    185.368,     108.662,    108.765,
   92,      228.3,    185.474,     109.096,    108.995,
   93,      230.8,    185.510,     109.334,    109.224,
   94,      233.3,    185.510,     109.571,    109.452,
   95,      235.8,    185.333,     109.784,    109.677,
   96,      238.3,    185.474,     110.066,    109.901,
   97,      240.8,    185.651,     110.048,    110.124,
   98,      243.3,    185.616,     110.176,    110.345,
   99,      245.8,    185.687,     110.436,    110.564,
  100,      250.8,    184.483,     110.875,    110.744,
  101,      273.3,    182.075,     110.825,    110.365,
  102,      295.8,    181.974,     109.874,    109.734,
  103,      318.3,    181.829,     109.148,    109.057,
  104,      343.3,    181.714,     108.465,    108.297,
  105,      368.3,    181.679,     107.628,    107.579,
  106,      395.8,    181.503,     106.806,    106.818,
  107,      423.3,    181.607,     105.818,    106.114,
  108,      453.3,    181.329,     105.211,    105.380,
  109,      483.3,    181.366,     104.459,    104.704,
  110,      515.8,    181.117,     103.965,    104.010,
  111,      550.8,    181.084,     103.189,    103.304,
  112,      585.8,    181.089,     102.368,    102.660,
  113,      623.3,    180.737,     101.744,    102.013,
  114,      663.3,    180.633,     101.074,    101.367,
  115,      705.8,    180.672,     100.610,    100.730,
  116,      748.3,    180.671,     100.301,    100.156,
  117,      793.3,    180.462,      99.579,     99.592,
  118,      840.8,    180.464,      99.066,     99.042,
  119,      890.8,    180.322,      98.833,     98.507,
  120,      943.3,    180.186,      98.376,     97.991,
  121,      998.3,    180.326,      97.611,     97.496,
  122,     1055.8,    180.433,      96.998,     97.022,
  123,     1115.8,    180.294,      96.653,     96.569,
  124,     1178.3,    180.152,      96.329,     96.139,
  125,     1245.8,    179.974,      95.825,     95.701,
  126,     1315.8,    179.837,      95.404,     95.288,
  127,     1388.3,    179.769,      95.109,     94.899,
  128,     1465.8,    179.806,      94.577,     94.510,
  129,     1545.8,    179.774,      94.394,     94.144,
  130,     1630.8,    179.565,      94.170,     93.779,
  131,     1720.8,    179.606,      93.413,     93.418,
  132,     1815.8,    179.363,      93.160,     93.063,
  133,     1913.3,    179.471,      92.752,     92.732,
  134,     2015.8,    179.473,      92.528,     92.405,
  135,     2123.3,    179.293,      92.197,     92.084,
  136,     2238.3,    179.223,      91.903,     91.755,
  137,     2358.3,    179.294,      91.150,     91.435,
  138,     2483.3,    178.977,      90.840,     91.125,
  139,     2615.8,    179.191,      90.622,     90.811,
  140,     2753.3,    179.189,      90.334,     90.510,
  141,     2898.3,    179.008,      89.527,     90.208,
  142,     3050.8,    178.933,      89.431,     89.908,
  143,     3210.8,    179.005,      89.329,     89.613,
  144,     3378.3,    178.904,      89.092,     89.324,
  145,     3555.8,    178.904,      88.872,     89.035,
  146,     3740.8,    178.621,      88.546,     88.755,
  147,     3935.8,    178.766,      88.413,     88.479,
  148,     4140.8,    178.622,      88.058,     88.208,
  149,     4355.8,    178.373,      87.940,     87.946,
  150,     4580.8,    178.413,      87.609,     87.694,
  151,     4818.3,    178.379,      87.356,     87.447,
  152,     5068.3,    178.445,      87.122,     87.208,
  153,     5330.8,    178.303,      87.037,     86.980,
  154,     5605.8,    178.123,      86.743,     86.763,
  155,     5895.8,    178.014,      86.749,     86.554,
  156,     6200.8,    178.156,      86.544,     86.357,
  157,     6520.8,    177.910,      86.417,     86.171,
  158,     6855.8,    177.769,      86.514,     85.998,
  159,     7208.3,    177.700,      86.254,     85.835,
  160,     7578.3,    177.944,      86.043,     85.684,
  161,     7965.8,    177.798,      85.770,     85.545,
  162,     8373.3,    177.548,      85.554,     85.416,
  163,     8800.8,    177.616,      85.482,     85.298,
  164,     9250.8,    177.363,      85.589,     85.188,
  165,     9723.3,    177.468,      85.309,     85.089,
  166,    10220.8,    177.327,      85.556,     84.998,
  167,    10743.3,    177.218,      85.083,     84.915,
  168,    11290.8,    177.108,      84.869,     84.841,
  169,    11865.8,    177.148,      84.999,     84.775,
  170,    12470.8,    177.110,      84.750,     84.714,
  171,    13105.8,    176.918,      84.883,     84.659,
  172,    13773.3,    176.819,      84.380,     84.609,
  173,    14475.8,    176.689,      84.726,     84.563,
  174,    15213.3,    176.452,      84.627,     84.522,
  175,    15988.3,    176.678,      84.335,     84.484,
  176,    16800.8,    176.544,      84.503,     84.450,
  177,    17655.8,    176.538,      84.467,     84.418,
  178,    18553.3,    176.400,      84.391,     84.388,
  179,    19495.8,    176.341,      84.477,     84.360,
  180,    20485.8,    176.255,      84.164,     84.333,
  181,    21525.8,    176.229,      84.290,     84.308,
  182,    22618.3,    175.843,      84.526,     84.283,
  183,    23768.3,    175.842,      84.479,     84.259,
  184,    24975.8,    175.873,      83.974,     84.235,
  185,    26243.3,    175.626,      84.419,     84.212,
  186,    27575.8,    175.615,      83.989,     84.189,
  187,    28975.8,    175.639,      83.929,     84.166,
  188,    30445.8,    175.642,      83.743,     84.144,
  189,    31990.8,    175.368,      83.951,     84.120,
  190,    33613.3,    175.451,      83.766,     84.097,
  191,    35318.3,    175.483,      84.034,     84.074,
  192,    37108.3,    175.125,      83.992,     84.050,
  193,    38990.8,    175.267,      83.761,     84.025,
  194,    40968.3,    175.343,      83.947,     84.000,
  195,    43045.8,    175.141,      83.647,     83.974,
  196,    45228.3,    174.976,      83.638,     83.948,
  197,    47520.8,    174.898,      83.566,     83.921,
  198,    49928.3,    174.652,      83.489,     83.892,
  199,    52458.3,    174.752,      83.463,     83.864,
  200,    55115.8,    174.520,      83.838,     83.834,
  201,    57908.3,    174.495,      83.505,     83.803,
  202,    60843.3,    174.400,      83.614,     83.771,
  203,    63925.8,    174.539,      83.554,     83.739,
  204,    67163.3,    174.329,      83.684,     83.705,
  205,    70565.8,    174.352,      83.607,     83.671,
  206,    74140.8,    174.014,      83.527,     83.635,
  207,    77895.8,    173.984,      83.636,     83.598,
  208,    81840.8,    173.943,      83.462,     83.561,
  209,    85985.8,    174.010,      84.045,     83.523,
  210,    90340.8,    173.985,      83.305,     83.483,
  211,    94915.8,    173.738,      83.400,     83.443,
  212,    99723.3,    173.695,      83.476,     83.402,
  213,   104773.3,    173.709,      83.626,     83.361,
  214,   110078.3,    173.619,      83.365,     83.319,
  215,   115653.3,    173.389,      83.354,     83.276,
  216,   121508.3,    173.529,      83.280,     83.233,
  217,   127660.8,    173.295,      83.609,     83.189,
  218,   134125.8,    172.996,      83.199,     83.145,
  219,   140915.8,    173.054,      83.191,     83.101,
  220,   148050.8,    172.986,      83.063,     83.057,
  221,   155545.8,    173.059,      83.004,     83.013,
  222,   163420.8,    172.802,      83.281,     82.970,
  223,   171695.8,    172.837,      83.127,     82.926,
  224,   180388.3,    172.866,      82.865,     82.884,
  225,   189520.8,    172.536,      83.198,     82.841,
  226,   199115.8,    172.803,      82.540,     82.800,
  227,   209195.8,    172.631,      82.978,     82.760,
----,
DateTime:        , 2022/04/21, 14:04:46, 1650560686136,
RFID_EPC:        ,--Not Acquired--,
RFID_UserData:   ,--Not Acquired--,
Barcode:         ,--Not Acquired--,
PIF:,         -104.07,
PARs:,            0.0,     0.0,     0.0,     0.0,     0.0,     0.0,
Light:,           0.0,    80.0,     0.0,     0.0,     0.0,     0.0,
Cycles:,            1,
                    1,      99,     100,     227,
Lamps:,        #01000,
Gain:,             25,       5, 
Sio:,    180.24,
Position:,        0.0,              0.0,   NoData,
DataPt,      Time(us),   EX,         EM,       Fit,
==========,==========,==========,==========,=========,
    0,        0.0,      0.000,       0.000,     88.691,
    1,        0.8,    179.683,      89.113,     88.980,
    2,        3.3,    180.199,      88.941,     88.955,
    3,        5.8,    180.199,      88.769,     88.970,
    4,        8.3,    180.406,      88.823,     89.020,
    5,       10.8,    180.509,      89.127,     89.100,
    6,       13.3,    180.819,      88.952,     89.206,
    7,       15.8,    180.681,      89.485,     89.335,
    8,       18.3,    180.956,      89.415,     89.484,
    9,       20.8,    180.853,      89.576,     89.650,
   10,       23.3,    180.716,      89.954,     89.831,
   11,       25.8,    180.612,      90.094,     90.026,
   12,       28.3,    180.784,      90.473,     90.231,
   13,       30.8,    180.922,      90.537,     90.446,
   14,       33.3,    180.922,      90.780,     90.669,
   15,       35.8,    180.991,      91.166,     90.899,
   16,       38.3,    180.888,      91.395,     91.135,
   17,       40.8,    181.025,      91.436,     91.376,
   18,       43.3,    181.025,      91.900,     91.621,
   19,       45.8,    180.922,      92.018,     91.870,
   20,       48.3,    180.922,      92.085,     92.122,
   21,       50.8,    180.922,      92.571,     92.376,
   22,       53.3,    180.956,      92.753,     92.631,
   23,       55.8,    180.991,      93.089,     92.888,
   24,       58.3,    181.197,      93.203,     93.146,
   25,       60.8,    181.129,      93.393,     93.405,
   26,       63.3,    181.232,      93.539,     93.664,
   27,       65.8,    181.197,      93.932,     93.923,
   28,       68.3,    181.163,      94.303,     94.183,
   29,       70.8,    181.163,      94.568,     94.442,
   30,       73.3,    181.163,      94.457,     94.700,
   31,       75.8,    181.301,      94.849,     94.958,
   32,       78.3,    181.301,      95.400,     95.215,
   33,       80.8,    181.163,      95.341,     95.472,
   34,       83.3,    181.197,      95.786,     95.727,
   35,       85.8,    181.301,      95.820,     95.982,
   36,       88.3,    181.266,      96.036,     96.235,
   37,       90.8,    181.232,      96.275,     96.487,
   38,       93.3,    181.197,      96.713,     96.738,
   39,       95.8,    181.335,      96.640,     96.988,
   40,       98.3,    181.335,      97.059,     97.237,
   41,      100.8,    181.266,      97.184,     97.484,
   42,      103.3,    181.232,      97.622,     97.729,
   43,      105.8,    181.232,      97.865,     97.974,
   44,      108.3,    181.232,      97.887,     98.216,
   45,      110.8,    181.266,      98.398,     98.458,
   46,      113.3,    181.404,      98.389,     98.697,
   47,      115.8,    181.266,      98.773,     98.936,
   48,      118.3,    181.438,      98.922,     99.172,
   49,      120.8,    181.370,      99.114,     99.407,
   50,      123.3,    181.370,      99.510,     99.641,
   51,      125.8,    181.473,      99.762,     99.873,
   52,      128.3,    181.335,      99.794,    100.104,
   53,      130.8,    181.335,     100.323,    100.333,
   54,      133.3,    181.335,     100.610,    100.560,
   55,      135.8,    181.335,     100.897,    100.786,
   56,      138.3,    181.473,     101.041,    101.010,
   57,      140.8,    181.507,     101.000,    101.233,
   58,      143.3,    181.473,     101.195,    101.454,
   59,      145.8,    181.163,     101.854,    101.674,
   60,      148.3,    181.645,     101.870,    101.892,
   61,      150.8,    181.438,     101.942,    102.108,
   62,      153.3,    181.507,     102.190,    102.323,
   63,      155.8,    181.576,     102.503,    102.536,
   64,      158.3,    181.301,     102.769,    102.748,
   65,      160.8,    181.370,     102.664,    102.958,
   66,      163.3,    181.542,     103.052,    103.166,
   67,      165.8,    181.404,     103.439,    103.373,
   68,      168.3,    181.507,     103.666,    103.579,
   69,      170.8,    181.610,     103.541,    103.783,
   70,      173.3,    181.473,     103.994,    103.985,
   71,      175.8,    181.542,     104.219,    104.186,
   72,      178.3,    181.473,     104.369,    104.385,
   73,      180.8,    181.645,     104.711,    104.583,
   74,      183.3,    181.438,     104.830,    104.779,
   75,      185.8,    181.507,     104.966,    104.974,
   76,      188.3,    181.507,     105.165,    105.167,
   77,      190.8,    181.473,     105.383,    105.358,
   78,      193.3,    181.542,     105.696,    105.549,
   79,      195.8,    181.576,     106.138,    105.737,
   80,      198.3,    181.610,     106.096,    105.924,
   81,      200.8,    181.645,     106.362,    106.110,
   82,      203.3,    181.576,     106.535,    106.294,
   83,      205.8,    181.576,     106.711,    106.477,
   84,      208.3,    181.507,     106.774,    106.658,
   85,      210.8,    181.783,     106.898,    106.838,
   86,      213.3,    181.576,     107.394,    107.017,
   87,      215.8,    181.473,     107.543,    107.194,
   88,      218.3,    181.576,     107.746,    107.369,
   89,      220.8,    181.404,     107.805,    107.543,
   90,      223.3,    181.576,     108.209,    107.716,
   91,      225.8,    181.714,     108.127,    107.887,
   92,      228.3,    181.714,     108.325,    108.057,
   93,      230.8,    181.473,     108.645,    108.226,
   94,      233.3,    181.679,     108.764,    108.393,
   95,      235.8,    181.542,     109.067,    108.559,
   96,      238.3,    181.748,     109.185,    108.723,
   97,      240.8,    181.473,     109.527,    108.886,
   98,      243.3,    181.576,     109.465,    109.048,
   99,      245.8,    181.404,     109.767,    109.208,
  100,      250.8,    181.404,     110.230,    109.572,
  101,      273.3,    181.197,     110.267,    110.253,
  102,      295.8,    180.886,     110.043,    109.935,
  103,      318.3,    180.853,     108.959,    109.355,
  104,      343.3,    180.687,     108.592,    108.656,
  105,      368.3,    180.444,     107.854,    107.977,
  106,      395.8,    180.336,     107.365,    107.273,
  107,      423.3,    180.439,     106.705,    106.621,
  108,      453.3,    180.441,     105.974,    105.964,
  109,      483.3,    180.406,     105.289,    105.360,
  110,      515.8,    180.442,     104.693,    104.757,
  111,      550.8,    180.548,     103.812,    104.154,
  112,      585.8,    180.481,     103.411,    103.605,
  113,      623.3,    180.277,     103.044,    103.067,
  114,      663.3,    180.071,     102.406,    102.537,
  115,      705.8,    180.138,     102.099,    102.019,
  116,      748.3,    180.208,     101.376,    101.554,
  117,      793.3,    180.139,     101.085,    101.105,
  118,      840.8,    180.276,     100.811,    100.669,
  119,      890.8,    180.174,     100.270,    100.248,
  120,      943.3,    180.108,     100.175,     99.843,
  121,      998.3,    180.144,      99.533,     99.455,
  122,     1055.8,    180.110,      99.258,     99.083,
  123,     1115.8,    180.076,      98.967,     98.727,
  124,     1178.3,    180.454,      98.476,     98.388,
  125,     1245.8,    180.318,      97.976,     98.043,
  126,     1315.8,    180.253,      97.589,     97.715,
  127,     1388.3,    180.150,      97.490,     97.405,
  128,     1465.8,    180.113,      97.624,     97.092,
  129,     1545.8,    180.180,      96.896,     96.796,
  130,     1630.8,    180.143,      96.274,     96.500,
  131,     1720.8,    180.315,      96.201,     96.207,
  132,     1815.8,    180.146,      95.784,     95.918,
  133,     1913.3,    180.354,      95.530,     95.648,
  134,     2015.8,    180.008,      95.404,     95.383,
  135,     2123.3,    180.149,      95.181,     95.124,
  136,     2238.3,    180.218,      95.034,     94.859,
  137,     2358.3,    180.181,      94.512,     94.605,
  138,     2483.3,    180.045,      94.271,     94.362,
  139,     2615.8,    180.009,      94.223,     94.118,
  140,     2753.3,    180.182,      94.107,     93.887,
  141,     2898.3,    179.972,      93.987,     93.660,
  142,     3050.8,    180.212,      93.282,     93.437,
  143,     3210.8,    180.414,      93.086,     93.222,
  144,     3378.3,    180.200,      93.082,     93.014,
  145,     3555.8,    180.235,      92.372,     92.808,
  146,     3740.8,    180.510,      92.537,     92.612,
  147,     3935.8,    180.233,      92.252,     92.421,
  148,     4140.8,    180.130,      92.170,     92.236,
  149,     4355.8,    180.236,      91.843,     92.057,
  150,     4580.8,    180.169,      91.809,     91.886,
  151,     4818.3,    180.346,      91.543,     91.718,
  152,     5068.3,    180.348,      91.628,     91.556,
  153,     5330.8,    180.141,      91.246,     91.400,
  154,     5605.8,    180.181,      91.301,     91.251,
  155,     5895.8,    180.183,      91.129,     91.107,
  156,     6200.8,    180.183,      91.136,     90.968,
  157,     6520.8,    180.281,      90.735,     90.835,
  158,     6855.8,    180.312,      90.876,     90.709,
  159,     7208.3,    180.205,      90.683,     90.589,
  160,     7578.3,    180.165,      90.635,     90.473,
  161,     7965.8,    180.263,      90.383,     90.365,
  162,     8373.3,    180.363,      90.143,     90.261,
  163,     8800.8,    180.321,      90.240,     90.164,
  164,     9250.8,    180.223,      90.106,     90.071,
  165,     9723.3,    180.293,      90.184,     89.984,
  166,    10220.8,    180.296,      89.914,     89.902,
  167,    10743.3,    180.128,      89.729,     89.825,
  168,    11290.8,    180.094,      89.823,     89.755,
  169,    11865.8,    180.298,      89.820,     89.689,
  170,    12470.8,    180.227,      89.476,     89.629,
  171,    13105.8,    180.044,      89.719,     89.573,
  172,    13773.3,    180.069,      89.373,     89.522,
  173,    14475.8,    179.898,      89.468,     89.475,
  174,    15213.3,    180.244,      89.590,     89.432,
  175,    15988.3,    180.247,      89.590,     89.393,
  176,    16800.8,    180.127,      89.638,     89.358,
  177,    17655.8,    180.077,      89.596,     89.326,
  178,    18553.3,    180.284,      89.119,     89.297,
  179,    19495.8,    180.192,      89.469,     89.271,
  180,    20485.8,    180.293,      89.434,     89.247,
  181,    21525.8,    180.147,      89.454,     89.226,
  182,    22618.3,    180.132,      89.380,     89.206,
  183,    23768.3,    180.170,      89.216,     89.188,
  184,    24975.8,    180.131,      89.256,     89.172,
  185,    26243.3,    180.162,      89.315,     89.157,
  186,    27575.8,    180.055,      89.072,     89.144,
  187,    28975.8,    180.367,      89.085,     89.131,
  188,    30445.8,    180.189,      88.873,     89.120,
  189,    31990.8,    180.188,      89.173,     89.110,
  190,    33613.3,    180.086,      89.063,     89.100,
  191,    35318.3,    180.252,      89.072,     89.091,
  192,    37108.3,    180.390,      89.343,     89.082,
  193,    38990.8,    180.119,      88.960,     89.075,
  194,    40968.3,    180.004,      88.955,     89.067,
  195,    43045.8,    180.100,      89.058,     89.061,
  196,    45228.3,    180.205,      89.259,     89.054,
  197,    47520.8,    180.233,      88.777,     89.048,
  198,    49928.3,    179.974,      88.835,     89.043,
  199,    52458.3,    180.151,      89.118,     89.038,
  200,    55115.8,    180.107,      88.893,     89.033,
  201,    57908.3,    180.164,      89.313,     89.029,
  202,    60843.3,    179.970,      88.899,     89.025,
  203,    63925.8,    180.129,      88.825,     89.021,
  204,    67163.3,    179.979,      88.963,     89.017,
  205,    70565.8,    179.996,      89.206,     89.014,
  206,    74140.8,    179.885,      88.907,     89.011,
  207,    77895.8,    180.155,      89.038,     89.008,
  208,    81840.8,    180.112,      89.074,     89.006,
  209,    85985.8,    180.028,      89.137,     89.003,
  210,    90340.8,    180.100,      89.359,     89.001,
  211,    94915.8,    179.799,      88.939,     88.999,
  212,    99723.3,    180.009,      89.082,     88.997,
  213,   104773.3,    180.052,      88.851,     88.996,
  214,   110078.3,    180.102,      88.931,     88.994,
  215,   115653.3,    179.845,      88.754,     88.993,
  216,   121508.3,    179.925,      88.918,     88.991,
  217,   127660.8,    179.973,      89.052,     88.990,
  218,   134125.8,    179.713,      89.196,     88.989,
  219,   140915.8,    180.062,      89.304,     88.988,
  220,   148050.8,    179.832,      89.008,     88.987,
  221,   155545.8,    179.883,      89.137,     88.986,
  222,   163420.8,    179.902,      88.949,     88.985,
  223,   171695.8,    180.040,      88.943,     88.985,
  224,   180388.3,    180.073,      88.819,     88.984,
  225,   189520.8,    179.862,      88.823,     88.983,
  226,   199115.8,    179.899,      89.037,     88.983,
  227,   209195.8,    180.049,      88.805,     88.982,
----,
DateTime:        , 2022/04/21, 14:04:48, 1650560688112,
RFID_EPC:        ,--Not Acquired--,
RFID_UserData:   ,--Not Acquired--,
Barcode:         ,--Not Acquired--,
PIF:,         -110.60,
PARs:,            0.0,     0.0,     0.0,     0.0,     0.0,     0.0,
Light:,           0.0,     0.0,     0.0,     0.0,     0.0,     0.0,
Cycles:,            1,
                    1,      99,     100,     227,
Lamps:,        #01000,
Gain:,             25,       5, 
Sio:,    212.15,
Position:,        0.0,              0.0,   NoData,
DataPt,      Time(us),   EX,         EM,       Fit,
==========,==========,==========,==========,=========,
    0,        0.0,      0.000,       0.000,     80.103,
    1,        0.8,    169.567,      80.130,     80.479,
    2,        3.3,    183.800,      80.645,     80.734,
    3,        5.8,    183.870,      81.119,     80.998,
    4,        8.3,    183.870,      81.554,     81.271,
    5,       10.8,    183.941,      81.762,     81.551,
    6,       13.3,    184.189,      82.000,     81.837,
    7,       15.8,    184.543,      81.972,     82.130,
    8,       18.3,    184.543,      82.493,     82.427,
    9,       20.8,    184.543,      82.774,     82.727,
   10,       23.3,    184.578,      83.040,     83.032,
   11,       25.8,    184.472,      83.478,     83.338,
   12,       28.3,    184.508,      83.527,     83.647,
   13,       30.8,    184.578,      83.885,     83.958,
   14,       33.3,    184.756,      84.476,     84.271,
   15,       35.8,    184.862,      84.687,     84.585,
   16,       38.3,    184.897,      84.736,     84.900,
   17,       40.8,    184.791,      85.218,     85.215,
   18,       43.3,    184.897,      85.623,     85.531,
   19,       45.8,    184.968,      85.850,     85.847,
   20,       48.3,    184.933,      85.996,     86.162,
   21,       50.8,    184.933,      86.601,     86.478,
   22,       53.3,    184.897,      86.964,     86.793,
   23,       55.8,    185.074,      86.838,     87.108,
   24,       58.3,    185.145,      87.215,     87.422,
   25,       60.8,    185.145,      87.301,     87.735,
   26,       63.3,    185.287,      87.904,     88.048,
   27,       65.8,    185.074,      88.545,     88.360,
   28,       68.3,    185.074,      88.545,     88.671,
   29,       70.8,    185.145,      88.814,     88.980,
   30,       73.3,    184.897,      89.257,     89.288,
   31,       75.8,    185.039,      89.578,     89.596,
   32,       78.3,    185.074,      89.799,     89.902,
   33,       80.8,    185.003,      90.309,     90.206,
   34,       83.3,    185.180,      90.352,     90.510,
   35,       85.8,    185.180,      90.784,     90.812,
   36,       88.3,    185.110,      91.121,     91.113,
   37,       90.8,    185.251,      91.224,     91.413,
   38,       93.3,    185.110,      91.726,     91.711,
   39,       95.8,    185.216,      91.976,     92.007,
   40,       98.3,    184.968,      92.359,     92.302,
   41,      100.8,    185.180,      92.706,     92.596,
   42,      103.3,    185.216,      92.689,     92.888,
   43,      105.8,    185.145,      93.113,     93.179,
   44,      108.3,    185.074,      93.430,     93.468,
   45,      110.8,    185.180,      93.938,     93.755,
   46,      113.3,    185.251,      94.053,     94.041,
   47,      115.8,    185.357,      94.409,     94.326,
   48,      118.3,    185.180,      94.629,     94.609,
   49,      120.8,    185.216,      94.848,     94.890,
   50,      123.3,    185.039,      95.177,     95.169,
   51,      125.8,    185.039,      95.674,     95.447,
   52,      128.3,    185.145,      95.857,     95.723,
   53,      130.8,    185.216,      95.907,     95.998,
   54,      133.3,    185.357,      96.373,     96.271,
   55,      135.8,    185.322,      96.607,     96.543,
   56,      138.3,    185.251,      96.860,     96.813,
   57,      140.8,    185.428,      96.875,     97.082,
   58,      143.3,    185.287,      97.338,     97.348,
   59,      145.8,    185.251,      97.573,     97.613,
   60,      148.3,    185.322,      98.010,     97.877,
   61,      150.8,    185.180,      98.344,     98.138,
   62,      153.3,    185.216,      98.498,     98.399,
   63,      155.8,    185.357,      98.552,     98.657,
   64,      158.3,    185.357,      98.725,     98.914,
   65,      160.8,    185.216,      99.276,     99.169,
   66,      163.3,    185.251,      99.408,     99.422,
   67,      165.8,    185.393,      99.958,     99.674,
   68,      168.3,    185.216,      99.988,     99.925,
   69,      170.8,    185.145,     100.351,    100.173,
   70,      173.3,    185.110,     100.219,    100.420,
   71,      175.8,    185.357,     100.408,    100.665,
   72,      178.3,    185.287,     101.073,    100.908,
   73,      180.8,    185.287,     101.094,    101.150,
   74,      183.3,    185.145,     101.323,    101.390,
   75,      185.8,    185.251,     101.869,    101.629,
   76,      188.3,    185.357,     101.833,    101.866,
   77,      190.8,    185.251,     102.064,    102.101,
   78,      193.3,    185.287,     102.368,    102.335,
   79,      195.8,    185.357,     102.566,    102.567,
   80,      198.3,    185.464,     102.853,    102.797,
   81,      200.8,    185.428,     102.980,    103.026,
   82,      203.3,    185.357,     103.322,    103.254,
   83,      205.8,    185.393,     103.345,    103.479,
   84,      208.3,    185.393,     103.496,    103.703,
   85,      210.8,    185.322,     103.924,    103.926,
   86,      213.3,    185.464,     104.211,    104.146,
   87,      215.8,    185.428,     104.598,    104.366,
   88,      218.3,    185.428,     104.512,    104.583,
   89,      220.8,    185.216,     104.912,    104.799,
   90,      223.3,    185.322,     105.090,    105.013,
   91,      225.8,    185.322,     105.198,    105.226,
   92,      228.3,    185.393,     105.481,    105.437,
   93,      230.8,    185.464,     105.786,    105.647,
   94,      233.3,    185.357,     106.105,    105.855,
   95,      235.8,    185.428,     106.302,    106.061,
   96,      238.3,    185.464,     106.282,    106.266,
   97,      240.8,    185.287,     106.578,    106.470,
   98,      243.3,    185.499,     106.607,    106.671,
   99,      245.8,    185.393,     106.862,    106.872,
  100,      250.8,    184.260,     107.367,    107.042,
  101,      273.3,    182.206,     106.952,    106.735,
  102,      295.8,    181.923,     106.557,    106.185,
  103,      318.3,    181.855,     105.544,    105.586,
  104,      343.3,    181.576,     104.857,    104.906,
  105,      368.3,    181.618,     103.897,    104.262,
  106,      395.8,    181.475,     103.534,    103.576,
  107,      423.3,    181.548,     103.072,    102.939,
  108,      453.3,    181.302,     102.096,    102.274,
  109,      483.3,    181.410,     101.192,    101.661,
  110,      515.8,    181.340,     100.634,    101.029,
  111,      550.8,    181.232,     100.321,    100.385,
  112,      585.8,    180.916,      99.459,     99.796,
  113,      623.3,    180.705,      99.090,     99.202,
  114,      663.3,    180.780,      98.410,     98.609,
  115,      705.8,    180.570,      98.106,     98.021,
  116,      748.3,    180.643,      97.538,     97.492,
  117,      793.3,    180.569,      96.983,     96.971,
  118,      840.8,    180.499,      96.688,     96.462,
  119,      890.8,    180.360,      96.236,     95.966,
  120,      943.3,    180.501,      95.698,     95.488,
  121,      998.3,    180.076,      95.170,     95.027,
  122,     1055.8,    179.939,      94.935,     94.586,
  123,     1115.8,    180.084,      94.306,     94.166,
  124,     1178.3,    180.224,      93.905,     93.765,
  125,     1245.8,    179.941,      93.611,     93.359,
  126,     1315.8,    179.799,      93.393,     92.976,
  127,     1388.3,    179.977,      92.574,     92.616,
  128,     1465.8,    180.048,      92.056,     92.255,
  129,     1545.8,    179.766,      91.934,     91.917,
  130,     1630.8,    179.696,      91.754,     91.581,
  131,     1720.8,    179.491,      91.372,     91.248,
  132,     1815.8,    179.488,      91.171,     90.922,
  133,     1913.3,    179.596,      90.385,     90.618,
  134,     2015.8,    179.489,      90.466,     90.318,
  135,     2123.3,    179.558,      89.919,     90.024,
  136,     2238.3,    179.235,      89.753,     89.723,
  137,     2358.3,    179.233,      89.310,     89.431,
  138,     2483.3,    179.054,      89.000,     89.146,
  139,     2615.8,    179.227,      88.532,     88.859,
  140,     2753.3,    179.051,      88.421,     88.583,
  141,     2898.3,    179.089,      88.249,     88.306,
  142,     3050.8,    178.982,      87.519,     88.030,
  143,     3210.8,    178.837,      87.748,     87.758,
  144,     3378.3,    178.797,      87.275,     87.490,
  145,     3555.8,    178.688,      87.038,     87.221,
  146,     3740.8,    178.761,      86.740,     86.960,
  147,     3935.8,    178.726,      86.603,     86.702,
  148,     4140.8,    178.654,      86.184,     86.448,
  149,     4355.8,    178.334,      86.139,     86.200,
  150,     4580.8,    178.653,      85.782,     85.961,
  151,     4818.3,    178.405,      85.737,     85.725,
  152,     5068.3,    178.333,      85.387,     85.496,
  153,     5330.8,    178.019,      85.376,     85.275,
  154,     5605.8,    178.337,      84.930,     85.065,
  155,     5895.8,    178.189,      84.801,     84.861,
  156,     6200.8,    178.038,      84.895,     84.667,
  157,     6520.8,    177.827,      84.528,     84.483,
  158,     6855.8,    178.004,      84.581,     84.311,
  159,     7208.3,    177.722,      84.326,     84.148,
  160,     7578.3,    177.876,      84.164,     83.996,
  161,     7965.8,    177.599,      84.395,     83.855,
  162,     8373.3,    177.597,      84.011,     83.724,
  163,     8800.8,    177.314,      83.744,     83.603,
  164,     9250.8,    177.465,      83.667,     83.490,
  165,     9723.3,    177.291,      83.700,     83.388,
  166,    10220.8,    177.296,      83.695,     83.293,
  167,    10743.3,    177.111,      83.592,     83.208,
  168,    11290.8,    177.180,      83.167,     83.131,
  169,    11865.8,    177.211,      83.220,     83.062,
  170,    12470.8,    176.992,      83.285,     82.998,
  171,    13105.8,    176.889,      83.046,     82.941,
  172,    13773.3,    176.860,      83.171,     82.890,
  173,    14475.8,    176.646,      82.835,     82.844,
  174,    15213.3,    176.808,      83.178,     82.802,
  175,    15988.3,    176.681,      82.912,     82.765,
  176,    16800.8,    176.427,      82.869,     82.731,
  177,    17655.8,    176.476,      82.941,     82.699,
  178,    18553.3,    176.360,      82.634,     82.671,
  179,    19495.8,    176.248,      82.543,     82.645,
  180,    20485.8,    176.105,      82.448,     82.620,
  181,    21525.8,    176.066,      82.801,     82.597,
  182,    22618.3,    175.832,      82.260,     82.575,
  183,    23768.3,    175.850,      82.648,     82.554,
  184,    24975.8,    175.657,      82.581,     82.534,
  185,    26243.3,    175.625,      82.263,     82.514,
  186,    27575.8,    175.533,      82.379,     82.495,
  187,    28975.8,    175.772,      82.235,     82.477,
  188,    30445.8,    175.714,      82.528,     82.459,
  189,    31990.8,    175.417,      82.206,     82.440,
  190,    33613.3,    175.432,      82.162,     82.422,
  191,    35318.3,    175.357,      81.945,     82.403,
  192,    37108.3,    175.165,      82.264,     82.384,
  193,    38990.8,    175.218,      81.967,     82.365,
  194,    40968.3,    175.060,      82.225,     82.345,
  195,    43045.8,    174.942,      82.189,     82.325,
  196,    45228.3,    174.884,      82.310,     82.304,
  197,    47520.8,    174.844,      82.070,     82.283,
  198,    49928.3,    174.782,      81.881,     82.261,
  199,    52458.3,    174.548,      82.092,     82.238,
  200,    55115.8,    174.561,      81.972,     82.215,
  201,    57908.3,    174.588,      81.896,     82.191,
  202,    60843.3,    174.708,      82.035,     82.166,
  203,    63925.8,    174.323,      81.842,     82.139,
  204,    67163.3,    174.297,      82.352,     82.112,
  205,    70565.8,    174.334,      82.347,     82.085,
  206,    74140.8,    174.292,      81.850,     82.056,
  207,    77895.8,    174.224,      81.898,     82.026,
  208,    81840.8,    174.121,      81.779,     81.995,
  209,    85985.8,    174.091,      81.788,     81.963,
  210,    90340.8,    173.763,      82.205,     81.929,
  211,    94915.8,    173.793,      81.654,     81.896,
  212,    99723.3,    173.794,      81.929,     81.861,
  213,   104773.3,    173.442,      82.020,     81.824,
  214,   110078.3,    173.614,      81.684,     81.788,
  215,   115653.3,    173.481,      82.070,     81.750,
  216,   121508.3,    173.409,      81.820,     81.711,
  217,   127660.8,    173.443,      81.466,     81.672,
  218,   134125.8,    173.337,      81.923,     81.632,
  219,   140915.8,    173.251,      81.486,     81.591,
  220,   148050.8,    172.870,      81.714,     81.549,
  221,   155545.8,    172.793,      81.459,     81.507,
  222,   163420.8,    173.201,      81.689,     81.466,
  223,   171695.8,    172.772,      81.638,     81.423,
  224,   180388.3,    172.809,      81.401,     81.380,
  225,   189520.8,    172.885,      81.612,     81.338,
  226,   199115.8,    172.570,      81.522,     81.295,
  227,   209195.8,    173.059,      81.296,     81.253,
